{
  "color": {
    "primary": "#0A1020",
    "accent": "#7C3AED",
    "highlight": "#E5E7EB",
    "bg": "#050814",
    "surface": "#0B1022"
  },
  "spacing": {
    "xs": 4,
    "sm": 8,
    "md": 16,
    "lg": 24,
    "xl": 40,
    "2xl": 64
  },
  "radius": {
    "sm": 6,
    "md": 12,
    "lg": 20,
    "xl": 28
  },
  "typography": {
    "heading": "Inter, sans-serif",
    "body": "Inter, sans-serif",
    "mono": "ui-monospace, SFMono-Regular, Menlo, Monaco, Consolas, monospace"
  },
  "elevation": {
    "sm": "0 1px 2px rgba(0,0,0,0.08)",
    "md": "0 8px 24px rgba(0,0,0,0.14)"
  }
}