{
  "config": {
    "found": false,
    "path": "not found",
    "source": "none"
  },
  "database": {
    "configured": true,
    "source": "default",
    "status": "ok",
    "target": "data\\reach.db"
  },
  "env": {
    "missing_names": [],
    "required_names": [],
    "set_names": [],
    "tracked_names": [
      "BILLING_ENABLED",
      "NODE_ENV",
      "REACH_CLOUD_ENABLED",
      "REACH_CONFIG",
      "REACH_DATA_DIR",
      "REACH_DB_DSN",
      "REACH_DB_PATH",
      "REACH_ENTERPRISE_TOKEN",
      "REACH_ENTERPRISE_URL",
      "STRIPE_SECRET_KEY"
    ]
  },
  "mode": "oss",
  "version": "dev"
}
